,state,district,city,latitude,longitude
0,KEDAH,BALING,BALING,5.6831,100.9106
1,KEDAH,BALING,BALING,5.8149,100.8916
2,KEDAH,BALING,BALING,5.7138,100.8009
3,KEDAH,BALING,BALING,5.7073,100.9602
4,KEDAH,BALING,BALING,5.6875,100.9262
5,KEDAH,BALING,BALING,5.6914,100.8494
6,KEDAH,BANDAR BAHARU,SERDANG,5.2144,100.6151
7,KEDAH,BANDAR BAHARU,SERDANG,5.1964,100.5844
8,KEDAH,BANDAR BAHARU,SERDANG,5.2035,100.6273
9,KEDAH,BANDAR BAHARU,SERDANG,5.2455,100.6017
10,KEDAH,BANDAR BAHARU,SERDANG,5.2251,100.595
11,KEDAH,BANDAR BAHARU,SERDANG,5.2648,100.6143
12,KEDAH,KUALA MUDA,SUNGAI PETANI,5.6552,100.5292
13,KEDAH,KUALA MUDA,SUNGAI PETANI,5.647,100.4862
14,KEDAH,KUALA MUDA,SUNGAI PETANI,5.6432,100.5699
15,KEDAH,KUALA MUDA,SUNGAI PETANI,5.6519,100.54899999999999
16,KEDAH,KUALA MUDA,SUNGAI PETANI,5.6852,100.5695
17,KEDAH,KUALA MUDA,SUNGAI PETANI,5.6695,100.4926
18,KEDAH,KUBANG PASU,JITRA,6.2413,100.4322
19,KEDAH,KUBANG PASU,JITRA,6.2793,100.4203
20,KEDAH,KUBANG PASU,JITRA,6.273,100.4583
21,KEDAH,KUBANG PASU,JITRA,6.3288,100.478
22,KEDAH,KUBANG PASU,JITRA,6.2683,100.4248
23,KEDAH,KUBANG PASU,JITRA,6.2757,100.42200000000001
24,KEDAH,KUBANG PASU,JITRA,6.3288,100.478
25,KEDAH,KULIM,KULIM,5.3411,100.5649
26,KEDAH,KULIM,KULIM,5.4165,100.5797
27,KEDAH,KULIM,KULIM,5.309,100.5663
28,KEDAH,KULIM,KULIM,5.3926,100.5367
29,KEDAH,KULIM,KULIM,5.3683,100.5576
30,KEDAH,KULIM,KULIM,5.3846,100.5461
31,KEDAH,KOTA SETAR,ALOR SETAR,6.124,100.3684
32,KEDAH,KOTA SETAR,ALOR SETAR,6.1281,100.3433
33,KEDAH,KOTA SETAR,ALOR SETAR,6.1609,100.3634
34,KEDAH,KOTA SETAR,ALOR SETAR,6.1205,100.3684
35,KEDAH,KOTA SETAR,ALOR SETAR,6.1512,100.3475
36,KEDAH,KOTA SETAR,ALOR SETAR,6.1085,100.3547
37,KEDAH,LANGKAWI,LANGKAWI,6.346,99.7904
38,KEDAH,LANGKAWI,LANGKAWI,6.3311,99.8313
39,KEDAH,LANGKAWI,LANGKAWI,6.285,99.7472
40,KEDAH,LANGKAWI,LANGKAWI,6.3918,99.7166
41,KEDAH,LANGKAWI,LANGKAWI,6.3406,99.7838
42,KEDAH,LANGKAWI,LANGKAWI,6.3613,99.7897
43,KEDAH,PADANG TERAP,KUALA NERANG,6.2465,100.57771
44,KEDAH,PADANG TERAP,KUALA NERANG,6.2692,100.6245
45,KEDAH,PADANG TERAP,KUALA NERANG,6.1984,100.7522
46,KEDAH,PADANG TERAP,KUALA NERANG,6.2803,100.5442
47,KEDAH,PADANG TERAP,KUALA NERANG,6.2010000000000005,100.71799999999999
48,KEDAH,PADANG TERAP,KUALA NERANG,6.2296,100.6219
49,KEDAH,PENDANG,PENDANG,5.9717,100.5149
50,KEDAH,PENDANG,PENDANG,6.0218,100.48100000000001
51,KEDAH,PENDANG,PENDANG,5.9588,100.4771
52,KEDAH,PENDANG,PENDANG,5.9962,100.6077
53,KEDAH,PENDANG,PENDANG,6.0255,100.5213
54,KEDAH,PENDANG,PENDANG,6.0326,100.5413
55,KEDAH,POKOK SENA,POKOK SENA,6.103,100.6163
56,KEDAH,POKOK SENA,POKOK SENA,6.2139,100.5109
57,KEDAH,POKOK SENA,POKOK SENA,6.1091,100.7172
58,KEDAH,POKOK SENA,POKOK SENA,6.0494,100.6156
59,KEDAH,POKOK SENA,POKOK SENA,6.1585,100.5013
60,KEDAH,POKOK SENA,POKOK SENA,6.1176,100.6276
61,KEDAH,SIK,SIK,5.9903,100.8149
62,KEDAH,SIK,SIK,6.0098,100.7514
63,KEDAH,SIK,SIK,5.9835,100.6944
64,KEDAH,SIK,SIK,5.7513,100.726
65,KEDAH,SIK,SIK,5.8261,100.7296
66,KEDAH,SIK,SIK,6.0347,100.7271
67,KEDAH,YAN,YAN,5.7855,100.3724
68,KEDAH,YAN,YAN,5.8398,100.3849
69,KEDAH,YAN,YAN,5.8398,100.4161
70,KEDAH,YAN,YAN,5.8744,100.4222
71,KEDAH,YAN,YAN,5.8544,100.4091
72,KEDAH,YAN,YAN,5.821000000000001,100.3878
73,PERLIS,ARAU,ARAU,6.433,100.2604
74,PERLIS,ARAU,ARAU,6.4256,100.2893
75,PERLIS,ARAU,ARAU,6.3906,100.2511
76,PERLIS,ARAU,ARAU,6.4399,100.3308
77,PERLIS,ARAU,ARAU,6.4345,100.3142
78,PERLIS,ARAU,ARAU,6.4311,100.2531
79,PERLIS,KANGAR,KANGAR,6.4396,100.1926
80,PERLIS,KANGAR,KANGAR,6.4497,100.1981
81,PERLIS,KANGAR,KANGAR,6.4465,100.20299999999999
82,PERLIS,KANGAR,KANGAR,6.462000000000001,100.1685
83,PERLIS,KANGAR,KANGAR,6.5106,100.2535
84,PERLIS,KANGAR,KANGAR,6.4416,100.1922
85,PERLIS,PADANG BESAR,PADANG BESAR,6.6605,100.3115
86,PERLIS,PADANG BESAR,PADANG BESAR,6.6999,100.2097
87,PERLIS,PADANG BESAR,PADANG BESAR,6.6551,100.2802
88,PERLIS,PADANG BESAR,PADANG BESAR,6.6624,100.2852
89,PERLIS,PADANG BESAR,PADANG BESAR,6.6325,100.2721
90,PERLIS,PADANG BESAR,PADANG BESAR,6.6543,100.2545
91,PERLIS,KUALA PERLIS,KUALA PERLIS,6.3968,100.1296
92,PERLIS,KUALA PERLIS,KUALA PERLIS,6.4056,100.1464
93,PERLIS,KUALA PERLIS,KUALA PERLIS,6.4151,100.1492
94,PERLIS,KUALA PERLIS,KUALA PERLIS,6.3919,100.1603
95,PERLIS,KUALA PERLIS,KUALA PERLIS,6.3865,100.1469
96,PERLIS,KUALA PERLIS,KUALA PERLIS,6.4072,100.1491
97,PERAK,BATANG PADANG,TAPAH,4.1963,101.2591
98,PERAK,BATANG PADANG,TAPAH,4.1898,101.2617
99,PERAK,BATANG PADANG,TAPAH,4.2088,101.2566
100,PERAK,BATANG PADANG,TAPAH,4.1887,101.2652
101,PERAK,BATANG PADANG,TAPAH,4.2124,101.2381
102,PERAK,BATANG PADANG,TAPAH,4.2141,101.2914
103,PERAK,HILIR PERAK,TELUK INTAN,4.0183,101.0063
104,PERAK,HILIR PERAK,TELUK INTAN,4.0486,101.0312
105,PERAK,HILIR PERAK,TELUK INTAN,3.9979,101.015
106,PERAK,HILIR PERAK,TELUK INTAN,4.003,101.0362
107,PERAK,HILIR PERAK,TELUK INTAN,4.0796,100.9675
108,PERAK,HILIR PERAK,TELUK INTAN,4.0536,101.04700000000001
109,PERAK,HULU PERAK,GERIK,5.4456,101.1119
110,PERAK,HULU PERAK,GERIK,5.4763,101.1772
111,PERAK,HULU PERAK,LENGGONG,5.171,100.928
112,PERAK,HULU PERAK,LENGGONG,5.1013,100.971
113,PERAK,HULU PERAK,LENGGONG,5.1382,100.9667
114,PERAK,HULU PERAK,LENGGONG,5.0,100.97
115,PERAK,HULU PERAK,LENGGONG,5.282,101.03
116,PERAK,HULU PERAK,LENGGONG,5.309,101.113
117,PERAK,HULU PERAK,GERIK,5.3902,101.1826
118,PERAK,HULU PERAK,GERIK,5.3601,101.1469
119,PERAK,HULU PERAK,GERIK,5.4928,101.149
120,PERAK,HULU PERAK,GERIK,5.3848,101.1092
121,PERAK,KAMPAR,KAMPAR,4.2006,101.1533
122,PERAK,KAMPAR,KAMPAR,4.3239,101.1437
123,PERAK,KAMPAR,KAMPAR,4.2862,101.145
124,PERAK,KAMPAR,KAMPAR,4.2417,101.1396
125,PERAK,KAMPAR,KAMPAR,4.2707,101.1338
126,PERAK,KAMPAR,KAMPAR,4.3144,101.14200000000001
127,PERAK,KERIAN,PARIT BUNTAR,5.1251,100.4892
128,PERAK,KERIAN,PARIT BUNTAR,5.1149,100.477
129,PERAK,KERIAN,PARIT BUNTAR,5.1057,100.48899999999999
130,PERAK,KERIAN,PARIT BUNTAR,5.1169,100.4626
131,PERAK,KERIAN,PARIT BUNTAR,5.1078,100.4891
132,PERAK,KERIAN,PARIT BUNTAR,5.1281,100.4831
133,PERAK,KINTA,IPOH,4.628,101.0969
134,PERAK,KINTA,IPOH,4.6654,101.095
135,PERAK,KINTA,IPOH,4.5977,101.1074
136,PERAK,KINTA,IPOH,4.6517,101.0727
137,PERAK,KINTA,IPOH,4.6227,101.0675
138,PERAK,KINTA,IPOH,4.5969,101.0753
139,PERAK,KUALA KANGSAR,KUALA KANGSAR,4.7668,100.9476
140,PERAK,KUALA KANGSAR,KUALA KANGSAR,4.7701,100.9311
141,PERAK,KUALA KANGSAR,KUALA KANGSAR,4.7821,100.9343
142,PERAK,KUALA KANGSAR,KUALA KANGSAR,4.7704,100.916
143,PERAK,KUALA KANGSAR,KUALA KANGSAR,4.7501,100.9336
144,PERAK,KUALA KANGSAR,KUALA KANGSAR,4.7873,100.956
145,PERAK,LARUT; MATANG & SELAMA,TAIPING,4.8495,100.7405
146,PERAK,LARUT; MATANG & SELAMA,TAIPING,4.8584,100.7396
147,PERAK,LARUT; MATANG & SELAMA,TAIPING,4.8533,100.7335
148,PERAK,LARUT; MATANG & SELAMA,TAIPING,4.8636,100.73299999999999
149,PERAK,LARUT; MATANG & SELAMA,TAIPING,4.8849,100.7326
150,PERAK,LARUT; MATANG & SELAMA,TAIPING,4.8434,100.7087
151,PERAK,MANJUNG,SERI MANJUNG,4.1809,100.6397
152,PERAK,MANJUNG,SERI MANJUNG,4.1962,100.6646
153,PERAK,MANJUNG,SERI MANJUNG,4.2144,100.6685
154,PERAK,MANJUNG,SERI MANJUNG,4.1845,100.6643
155,PERAK,MANJUNG,SERI MANJUNG,4.2197,100.6703
156,PERAK,MANJUNG,SERI MANJUNG,4.1924,100.6569
157,PERAK,MUALLIM,TANJUNG MALIM,3.7046,101.5054
158,PERAK,MUALLIM,TANJUNG MALIM,3.6936,101.5202
159,PERAK,MUALLIM,TANJUNG MALIM,3.6857,101.5265
160,PERAK,MUALLIM,TANJUNG MALIM,3.7025,101.5105
161,PERAK,MUALLIM,TANJUNG MALIM,3.8027,101.5012
162,PERAK,MUALLIM,TANJUNG MALIM,3.8348,101.4085
163,PERAK,PERAK TENGAH,SERI ISKANDAR,4.3657,100.9592
164,PERAK,PERAK TENGAH,SERI ISKANDAR,4.3533,100.961
165,PERAK,PERAK TENGAH,SERI ISKANDAR,4.3637,100.9811
166,PERAK,PERAK TENGAH,SERI ISKANDAR,4.3684,100.9589
167,PERAK,PERAK TENGAH,SERI ISKANDAR,4.3646,100.9834
168,PERAK,PERAK TENGAH,SERI ISKANDAR,4.3660000000000005,100.9546
169,PENANG,BARAT DAYA PULAU PINANG,BALIK PULAU,5.3765,100.2203
170,PENANG,BARAT DAYA PULAU PINANG,BALIK PULAU,5.3593,100.2107
171,PENANG,BARAT DAYA PULAU PINANG,BALIK PULAU,5.3404,100.2368
172,PENANG,BARAT DAYA PULAU PINANG,BALIK PULAU,5.3346,100.2282
173,PENANG,BARAT DAYA PULAU PINANG,BALIK PULAU,5.3415,100.2141
174,PENANG,BARAT DAYA PULAU PINANG,BALIK PULAU,5.3494,100.2327
175,PENANG,SEBERANG PERAI SELATAN,SUNGAI JAWI,5.2625,100.5106
176,PENANG,SEBERANG PERAI SELATAN,SUNGAI JAWI,5.1819,100.48100000000001
177,PENANG,SEBERANG PERAI SELATAN,SUNGAI JAWI,5.1538,100.4831
178,PENANG,SEBERANG PERAI SELATAN,SUNGAI JAWI,5.2673,100.4522
179,PENANG,SEBERANG PERAI SELATAN,SUNGAI JAWI,5.2347,100.5085
180,PENANG,SEBERANG PERAI SELATAN,SUNGAI JAWI,5.2759,100.4831
181,PENANG,SEBERANG PERAI TENGAH,BUKIT MERTAJAM,5.3486,100.4835
182,PENANG,SEBERANG PERAI TENGAH,BUKIT MERTAJAM,5.3749,100.4667
183,PENANG,SEBERANG PERAI TENGAH,BUKIT MERTAJAM,5.3739,100.4214
184,PENANG,SEBERANG PERAI TENGAH,BUKIT MERTAJAM,5.341,100.5134
185,PENANG,SEBERANG PERAI TENGAH,BUKIT MERTAJAM,5.3656,100.4466
186,PENANG,SEBERANG PERAI TENGAH,BUKIT MERTAJAM,5.3594,100.4634
187,PENANG,SEBERANG PERAI UTARA,KEPALA BATAS,5.517,100.4488
188,PENANG,SEBERANG PERAI UTARA,KEPALA BATAS,5.5351,100.4649
189,PENANG,SEBERANG PERAI UTARA,KEPALA BATAS,5.5023,100.4464
190,PENANG,SEBERANG PERAI UTARA,KEPALA BATAS,5.4777,100.4389
191,PENANG,SEBERANG PERAI UTARA,KEPALA BATAS,5.5261,100.465
192,PENANG,SEBERANG PERAI UTARA,KEPALA BATAS,5.5149,100.434
193,PENANG,TIMUR LAUT PULAU PINANG,GEORGE TOWN,5.4271,100.3056
194,PENANG,TIMUR LAUT PULAU PINANG,GEORGE TOWN,5.3977,100.3018
195,PENANG,TIMUR LAUT PULAU PINANG,GEORGE TOWN,5.4182,100.3276
196,PENANG,TIMUR LAUT PULAU PINANG,GEORGE TOWN,5.3844,100.3046
197,PENANG,TIMUR LAUT PULAU PINANG,GEORGE TOWN,5.4178,100.3204
198,PENANG,TIMUR LAUT PULAU PINANG,GEORGE TOWN,5.4145,100.3129
199,SELANGOR,GOMBAK,RAWANG,3.3004,101.6403
200,SELANGOR,GOMBAK,RAWANG,3.2826,101.5263
201,SELANGOR,GOMBAK,RAWANG,3.2394,101.5407
202,SELANGOR,GOMBAK,RAWANG,3.2638,101.6843
203,SELANGOR,GOMBAK,RAWANG,3.3192,101.5745
204,SELANGOR,HULU LANGAT,HULU LANGAT,3.1997,101.8567
205,SELANGOR,HULU LANGAT,HULU LANGAT,3.1593,101.8911
206,SELANGOR,HULU LANGAT,HULU LANGAT,3.1284,101.8279
207,SELANGOR,HULU LANGAT,HULU LANGAT,3.0904,101.7935
208,SELANGOR,HULU LANGAT,HULU LANGAT,3.1355,101.8349
209,SELANGOR,HULU SELANGOR,KUALA KUBU BARU,3.5617,101.6572
210,SELANGOR,HULU SELANGOR,KUALA KUBU BARU,3.5621,101.6588
211,SELANGOR,HULU SELANGOR,KUALA KUBU BARU,3.5635,101.6607
212,SELANGOR,HULU SELANGOR,KUALA KUBU BARU,3.5628,101.656
213,SELANGOR,HULU SELANGOR,KUALA KUBU BARU,3.5736,101.6729
214,SELANGOR,KLANG,KLANG,3.0239,101.4591
215,SELANGOR,KLANG,KLANG,3.0426,101.4208
216,SELANGOR,KLANG,KLANG,3.0534,101.4678
217,SELANGOR,KLANG,KLANG,3.0693,101.4247
218,SELANGOR,KLANG,KLANG,3.0453,101.4449
219,SELANGOR,KUALA LANGAT,BANTING,2.8002,101.501
220,SELANGOR,KUALA LANGAT,BANTING,2.8866,101.5449
221,SELANGOR,KUALA LANGAT,BANTING,2.9360000000000004,101.4941
222,SELANGOR,KUALA LANGAT,BANTING,2.877,101.3142
223,SELANGOR,KUALA LANGAT,BANTING,2.815,101.5061
224,SELANGOR,KUALA SELANGOR,KUALA SELANGOR,3.3494,101.2847
225,SELANGOR,KUALA SELANGOR,KUALA SELANGOR,3.3574,101.3154
226,SELANGOR,KUALA SELANGOR,KUALA SELANGOR,3.3355,101.2976
227,SELANGOR,KUALA SELANGOR,KUALA SELANGOR,3.3884,101.2557
228,SELANGOR,KUALA SELANGOR,KUALA SELANGOR,3.3322,101.2501
229,SELANGOR,PETALING,SHAH ALAM,3.1061,101.56
230,SELANGOR,PETALING,SHAH ALAM,3.1349,101.5051
231,SELANGOR,PETALING,SHAH ALAM,3.0046,101.5669
232,SELANGOR,PETALING,SHAH ALAM,3.1198,101.6369
233,SELANGOR,PETALING,SHAH ALAM,3.0584,101.4939
234,SELANGOR,PETALING,SHAH ALAM,3.0469999999999997,101.54299999999999
235,SELANGOR,PETALING,SHAH ALAM,3.092206,101.4864
236,SELANGOR,PETALING,SHAH ALAM,3.1064,101.515
237,SELANGOR,PETALING,SHAH ALAM,3.0415,101.521
238,SELANGOR,PETALING,SG BULOH,3.1979,101.5406
239,SELANGOR,PETALING,SG BULOH,3.1973,101.579
240,SELANGOR,PETALING,SG BULOH,3.1733,101.5449
241,SELANGOR,PETALING,SG BULOH,3.2310000000000003,101.552
242,SELANGOR,PETALING,SG BULOH,3.205,101.499
243,SELANGOR,PETALING,DAMANSARA,3.1419,101.575
244,SELANGOR,PETALING,DAMANSARA,3.1217,101.61200000000001
245,SELANGOR,PETALING,DAMANSARA,3.1604,101.59899999999999
246,SELANGOR,PETALING,DAMANSARA,3.1229,101.556
247,SELANGOR,PETALING,DAMANSARA,3.158,101.6033
248,SELANGOR,SEPANG,SEPANG,2.8062,101.7149
249,SELANGOR,SEPANG,SEPANG,2.7664,101.7417
250,SELANGOR,SEPANG,SEPANG,2.7047,101.7334
251,SELANGOR,SEPANG,SEPANG,2.8295,101.7163
252,SELANGOR,SEPANG,SEPANG,2.6884,101.7502
253,SELANGOR,SABAK BERNAM,SABAK BERNAM,3.5526,101.163
254,SELANGOR,SABAK BERNAM,SABAK BERNAM,3.7801,101.0219
255,SELANGOR,SABAK BERNAM,SABAK BERNAM,3.7112,101.0016
256,SELANGOR,SABAK BERNAM,SABAK BERNAM,3.6468,101.29899999999999
257,SELANGOR,SABAK BERNAM,SABAK BERNAM,3.7626,100.9878
258,N.SEMBILAN,JELEBU,KUALA KLAWANG,2.927,102.1048
259,N.SEMBILAN,JELEBU,KUALA KLAWANG,2.9702,102.1886
260,N.SEMBILAN,JELEBU,KUALA KLAWANG,2.8619,102.0959
261,N.SEMBILAN,JELEBU,KUALA KLAWANG,2.9538,102.0413
262,N.SEMBILAN,JELEBU,KUALA KLAWANG,2.9652,102.1087
263,N.SEMBILAN,JELEBU,KUALA KLAWANG,2.9505,102.0854
264,N.SEMBILAN,JEMPOL,BAHAU / JEMPOL,2.8037,102.4204
265,N.SEMBILAN,JEMPOL,BAHAU / JEMPOL,2.7784,102.3903
266,N.SEMBILAN,JEMPOL,BAHAU / JEMPOL,2.8482,102.375
267,N.SEMBILAN,JEMPOL,BAHAU / JEMPOL,2.8215,102.4428
268,N.SEMBILAN,JEMPOL,BAHAU / JEMPOL,2.8097,102.402
269,N.SEMBILAN,JEMPOL,BAHAU / JEMPOL,2.8075,102.4002
270,N.SEMBILAN,KUALA PILAH,KUALA PILAH,2.6997,102.2345
271,N.SEMBILAN,KUALA PILAH,KUALA PILAH,2.7302,102.29799999999999
272,N.SEMBILAN,KUALA PILAH,KUALA PILAH,2.7662,102.2311
273,N.SEMBILAN,KUALA PILAH,KUALA PILAH,2.8242,102.2675
274,N.SEMBILAN,KUALA PILAH,KUALA PILAH,2.741,102.2438
275,N.SEMBILAN,KUALA PILAH,KUALA PILAH,2.7454,102.2468
276,N.SEMBILAN,PORT DICKSON,LUKUT,2.5887,101.8439
277,N.SEMBILAN,PORT DICKSON,LUKUT,2.5315,101.8406
278,N.SEMBILAN,PORT DICKSON,LUKUT,2.6315,101.7863
279,N.SEMBILAN,PORT DICKSON,LUKUT,2.4683,101.866
280,N.SEMBILAN,PORT DICKSON,LUKUT,2.571,101.8306
281,N.SEMBILAN,PORT DICKSON,LUKUT,2.5602,101.8128
282,N.SEMBILAN,REMBAU,REMBAU,2.5854,102.1607
283,N.SEMBILAN,REMBAU,REMBAU,2.5504,102.0763
284,N.SEMBILAN,REMBAU,REMBAU,2.6018,102.1113
285,N.SEMBILAN,REMBAU,REMBAU,2.5127,102.0687
286,N.SEMBILAN,REMBAU,REMBAU,2.5905,102.0933
287,N.SEMBILAN,REMBAU,REMBAU,2.592,102.0989
288,N.SEMBILAN,SEREMBAN,SEREMBAN,2.6966,102.0411
289,N.SEMBILAN,SEREMBAN,SEREMBAN,2.6994,101.9127
290,N.SEMBILAN,SEREMBAN,SEREMBAN,2.6434,102.0161
291,N.SEMBILAN,SEREMBAN,SEREMBAN,2.7529,101.9773
292,N.SEMBILAN,SEREMBAN,SEREMBAN,2.7226,101.9415
293,N.SEMBILAN,SEREMBAN,SEREMBAN,2.7201,101.9409
294,MELAKA,TAMPIN,TAMPIN,2.472,102.2541
295,MELAKA,TAMPIN,TAMPIN,2.4974,102.2743
296,MELAKA,TAMPIN,TAMPIN,2.5073,102.2273
297,MELAKA,TAMPIN,TAMPIN,2.5257,102.2376
298,MELAKA,TAMPIN,TAMPIN,2.4682,102.2305
299,MELAKA,TAMPIN,TAMPIN,2.4693,102.221
300,MELAKA,ALOR GAJAH,ALOR GAJAH,2.4007,102.2874
301,MELAKA,ALOR GAJAH,ALOR GAJAH,2.4473,102.2201
302,MELAKA,ALOR GAJAH,ALOR GAJAH,2.3876,102.2915
303,MELAKA,ALOR GAJAH,ALOR GAJAH,2.4624,102.2023
304,MELAKA,ALOR GAJAH,ALOR GAJAH,2.3819,102.2102
305,MELAKA,ALOR GAJAH,ALOR GAJAH,2.3782,102.2088
306,MELAKA,JASIN,JASIN,2.2546,102.4441
307,MELAKA,JASIN,JASIN,2.3191,102.3501
308,MELAKA,JASIN,JASIN,2.315,102.4517
309,MELAKA,JASIN,JASIN,2.3253,102.3707
310,MELAKA,JASIN,JASIN,2.3055,102.4225
311,MELAKA,JASIN,JASIN,2.3057,102.4229
312,MELAKA,MELAKA TENGAH,MELAKA TENGAH,2.2543,102.211
313,MELAKA,MELAKA TENGAH,MELAKA TENGAH,2.2632,102.2879
314,MELAKA,MELAKA TENGAH,MELAKA TENGAH,2.1946,102.3154
315,MELAKA,MELAKA TENGAH,MELAKA TENGAH,2.2817,102.1684
316,MELAKA,MELAKA TENGAH,MELAKA TENGAH,2.2718,102.286
317,MELAKA,MELAKA TENGAH,MELAKA TENGAH,2.2573,102.2788
318,PAHANG,BENTONG,BENTONG,3.5665,101.97200000000001
319,PAHANG,BENTONG,BENTONG,3.3636,101.98299999999999
320,PAHANG,BENTONG,BENTONG,3.2101,102.1643
321,PAHANG,BENTONG,BENTONG,3.2841,102.22200000000001
322,PAHANG,BENTONG,BENTONG,3.5253,101.9043
323,PAHANG,BENTONG,BENTONG,3.5269,101.9068
324,PAHANG,BERA,BANDAR BERA,3.1845,102.4674
325,PAHANG,BERA,BANDAR BERA,3.0255,102.6762
326,PAHANG,BERA,BANDAR BERA,3.2229,102.3686
327,PAHANG,BERA,BANDAR BERA,3.3655,102.5691
328,PAHANG,BERA,BANDAR BERA,3.2715,102.4524
329,PAHANG,BERA,BANDAR BERA,3.2453,102.413
330,PAHANG,CAMERON HIGHLANDS,TANAH RATA,4.4943,101.4454
331,PAHANG,CAMERON HIGHLANDS,TANAH RATA,4.4163,101.4736
332,PAHANG,CAMERON HIGHLANDS,TANAH RATA,4.482,101.5574
333,PAHANG,CAMERON HIGHLANDS,TANAH RATA,4.5207,101.3981
334,PAHANG,CAMERON HIGHLANDS,TANAH RATA,4.4676,101.3892
335,PAHANG,CAMERON HIGHLANDS,TANAH RATA,4.4888,101.3765
336,PAHANG,JERANTUT,JERANTUT,3.9943,102.4137
337,PAHANG,JERANTUT,JERANTUT,4.0135,102.2146
338,PAHANG,JERANTUT,JERANTUT,3.8559,102.3629
339,PAHANG,JERANTUT,KUALA TAHAN,4.317,102.44
340,PAHANG,JERANTUT,KUALA TAHAN,4.3132,102.376
341,PAHANG,JERANTUT,KUALA TAHAN,4.356,102.4183
342,PAHANG,JERANTUT,KUALA TAHAN,4.3432,102.37799999999999
343,PAHANG,JERANTUT,KUALA TAHAN,4.4032,102.37899999999999
344,PAHANG,JERANTUT,JERANTUT,3.9806,102.5263
345,PAHANG,JERANTUT,JERANTUT,3.9382,102.3605
346,PAHANG,JERANTUT,JERANTUT,3.9315,102.3622
347,PAHANG,KUANTAN,KUANTAN,3.8688,103.16799999999999
348,PAHANG,KUANTAN,KUANTAN,3.803,103.2339
349,PAHANG,KUANTAN,KUANTAN,3.7289999999999996,103.2477
350,PAHANG,KUANTAN,KUANTAN,3.8318,103.3122
351,PAHANG,KUANTAN,KUANTAN,3.793,103.1659
352,PAHANG,KUANTAN,KUANTAN,3.7831,103.2358
353,PAHANG,LIPIS,LIPIS,4.2476,102.0838
354,PAHANG,LIPIS,LIPIS,4.0969,102.1964
355,PAHANG,LIPIS,LIPIS,4.2421,101.7062
356,PAHANG,LIPIS,LIPIS,4.4365,101.9135
357,PAHANG,LIPIS,LIPIS,4.1819999999999995,102.0532
358,PAHANG,LIPIS,LIPIS,4.1735,102.0437
359,PAHANG,MARAN,MARAN,3.5411,102.7734
360,PAHANG,MARAN,MARAN,3.6595,102.8808
361,PAHANG,MARAN,MARAN,3.5217,102.6906
362,PAHANG,MARAN,MARAN,3.5149,102.8307
363,PAHANG,MARAN,MARAN,3.5838,102.7836
364,PAHANG,MARAN,MARAN,3.582,102.7724
365,PAHANG,PEKAN,PEKAN,3.1067,103.4038
366,PAHANG,PEKAN,PEKAN,3.2184,103.4196
367,PAHANG,PEKAN,PEKAN,3.4878,103.3633
368,PAHANG,PEKAN,PEKAN,3.5879,103.3496
369,PAHANG,PEKAN,PEKAN,3.4892,103.3898
370,PAHANG,PEKAN,PEKAN,3.5022,103.3817
371,PAHANG,RAUB,RAUB,3.9023,101.8093
372,PAHANG,RAUB,RAUB,3.8571,101.9041
373,PAHANG,RAUB,RAUB,3.7269,101.8313
374,PAHANG,RAUB,RAUB,4.0502,101.775
375,PAHANG,RAUB,RAUB,3.7956,101.8555
376,PAHANG,RAUB,RAUB,3.8080000000000003,101.8472
377,PAHANG,ROMPIN,ROMPIN,2.7158,103.5037
378,PAHANG,ROMPIN,ROMPIN,2.7497,103.055
379,PAHANG,ROMPIN,ROMPIN,3.1474,102.84899999999999
380,PAHANG,ROMPIN,ROMPIN,2.6180000000000003,103.6015
381,PAHANG,ROMPIN,ROMPIN,2.7085,102.5053
382,PAHANG,ROMPIN,TUN RAZAK,2.968676,103.005104
383,PAHANG,ROMPIN,TUN RAZAK,2.892305,103.00874499999999
384,PAHANG,ROMPIN,ROMPIN,2.8690330000000004,103.2351
385,PAHANG,ROMPIN,ROMPIN,2.884386,103.26700000000001
386,PAHANG,ROMPIN,ROMPIN,2.8807,103.219
387,PAHANG,ROMPIN,ROMPIN,2.91805,103.226541
388,PAHANG,ROMPIN,TUN RAZAK,3.0028,102.92863299999999
389,PAHANG,ROMPIN,TUN RAZAK,3.0104,103.0136
390,PAHANG,ROMPIN,ROMPIN,2.6946,102.5257
391,PAHANG,TEMERLOH,TEMERLOH,3.4409,102.4912
392,PAHANG,TEMERLOH,TEMERLOH,3.3829,102.4452
393,PAHANG,TEMERLOH,TEMERLOH,3.4487,102.3947
394,PAHANG,TEMERLOH,TEMERLOH,3.5413,102.4407
395,PAHANG,TEMERLOH,TEMERLOH,3.4475,102.4189
396,PAHANG,TEMERLOH,TEMERLOH,3.4508,102.4188
397,PAHANG,TEMERLOH,TEMERLOH,3.4475,102.4189
398,TERENGGANU,BESUT,JERTEH,5.6143,102.5593
399,TERENGGANU,BESUT,JERTEH,5.6935,102.5263
400,TERENGGANU,BESUT,JERTEH,5.7455,102.5593
401,TERENGGANU,BESUT,JERTEH,5.5897,102.5785
402,TERENGGANU,DUNGUN,DUNGUN,4.7962,103.368
403,TERENGGANU,DUNGUN,DUNGUN,4.7333300000000005,103.40299999999999
404,TERENGGANU,DUNGUN,DUNGUN,4.7189,103.3481
405,TERENGGANU,DUNGUN,DUNGUN,4.8024,103.2513
406,TERENGGANU,HULU TERENGGANU,KUALA BERANG,5.1014,102.8963
407,TERENGGANU,HULU TERENGGANU,KUALA BERANG,5.152,102.9704
408,TERENGGANU,HULU TERENGGANU,KUALA BERANG,5.1766,102.829
409,TERENGGANU,HULU TERENGGANU,KUALA BERANG,5.2655,102.8949
410,TERENGGANU,KEMAMAN,CHUKAI,4.2366,103.3029
411,TERENGGANU,KEMAMAN,CHUKAI,4.3749,103.329
412,TERENGGANU,KEMAMAN,CHUKAI,4.2846,103.3475
413,TERENGGANU,KEMAMAN,CHUKAI,4.1729,103.2603
414,TERENGGANU,KUALA NERUS,GONG BADAK,5.3656,103.0888
415,TERENGGANU,KUALA NERUS,GONG BADAK,5.3707,103.0531
416,TERENGGANU,KUALA NERUS,GONG BADAK,5.3748,103.1084
417,TERENGGANU,KUALA NERUS,GONG BADAK,5.3765,103.038
418,TERENGGANU,KUALA TERENGGANU,KUALA TERENGGANU,5.237,102.9944
419,TERENGGANU,KUALA TERENGGANU,KUALA TERENGGANU,5.4065,103.0342
420,TERENGGANU,KUALA TERENGGANU,KUALA TERENGGANU,5.2849,103.1386
421,TERENGGANU,KUALA TERENGGANU,KUALA TERENGGANU,5.1878,103.0466
422,TERENGGANU,MARANG,MARANG,5.1419,103.1551
423,TERENGGANU,MARANG,MARANG,5.0941,103.2238
424,TERENGGANU,MARANG,MARANG,4.9545,103.2568
425,TERENGGANU,MARANG,MARANG,4.949,103.335
426,TERENGGANU,SETIU,BANDAR PERMAISURI,5.5172,102.7597
427,TERENGGANU,SETIU,BANDAR PERMAISURI,5.4687,102.8494
428,TERENGGANU,SETIU,BANDAR PERMAISURI,5.4445,102.835
429,TERENGGANU,SETIU,BANDAR PERMAISURI,5.5305,102.7558
430,KELANTAN,BACHOK,BACHOK,6.0291,102.399
431,KELANTAN,BACHOK,BACHOK,5.9643,102.432
432,KELANTAN,BACHOK,BACHOK,5.9253,102.4292
433,KELANTAN,BACHOK,BACHOK,5.9745,102.3956
434,KELANTAN,GUA MUSANG,GUA MUSANG,4.8685,101.9528
435,KELANTAN,GUA MUSANG,GUA MUSANG,4.939,101.9624
436,KELANTAN,GUA MUSANG,GUA MUSANG,4.8049,102.0139
437,KELANTAN,GUA MUSANG,GUA MUSANG,4.8364,101.8697
438,KELANTAN,JELI,JELI,5.7054,101.8576
439,KELANTAN,JELI,JELI,5.6217,101.8482
440,KELANTAN,JELI,JELI,5.5684,101.8977
441,KELANTAN,JELI,JELI,5.716,101.8345
442,KELANTAN,KOTA BHARU,KOTA BHARU,6.1383,102.3051
443,KELANTAN,KOTA BHARU,KOTA BHARU,6.0591,102.3305
444,KELANTAN,KOTA BHARU,KOTA BHARU,6.0984,102.3834
445,KELANTAN,KOTA BHARU,KOTA BHARU,6.099,102.2529
446,KELANTAN,KUALA KRAI,KUALA KRAI,5.4841,102.2662
447,KELANTAN,KUALA KRAI,KUALA KRAI,5.4253,102.3198
448,KELANTAN,KUALA KRAI,KUALA KRAI,5.6262,102.1598
449,KELANTAN,KUALA KRAI,KUALA KRAI,5.593999999999999,102.2736
450,KELANTAN,LOJING,LOJING,4.7919,101.9418
451,KELANTAN,LOJING,LOJING,4.5966,101.4329
452,KELANTAN,LOJING,LOJING,4.5978,101.4319
453,KELANTAN,LOJING,LOJING,4.5987,101.4314
454,KELANTAN,MACHANG,MACHANG,5.7593,102.25
455,KELANTAN,MACHANG,MACHANG,5.8129,102.2596
456,KELANTAN,MACHANG,MACHANG,5.7644,102.182
457,KELANTAN,MACHANG,MACHANG,5.7436,102.2418
458,KELANTAN,PASIR MAS,PASIR MAS,6.0174,102.1169
459,KELANTAN,PASIR MAS,PASIR MAS,5.9573,102.1924
460,KELANTAN,PASIR MAS,PASIR MAS,5.93,102.0853
461,KELANTAN,PASIR MAS,PASIR MAS,6.0953,102.1017
462,KELANTAN,PASIR PUTEH,PASIR PUTEH,5.8006,102.4117
463,KELANTAN,PASIR PUTEH,PASIR PUTEH,5.8881,102.3897
464,KELANTAN,PASIR PUTEH,PASIR PUTEH,5.8963,102.4556
465,KELANTAN,PASIR PUTEH,PASIR PUTEH,5.7806,102.3521
466,KELANTAN,TANAH MERAH,TANAH MERAH,5.8106,102.089
467,KELANTAN,TANAH MERAH,TANAH MERAH,5.8946,102.0993
468,KELANTAN,TANAH MERAH,TANAH MERAH,5.7627,102.1096
469,KELANTAN,TANAH MERAH,TANAH MERAH,5.843999999999999,101.9557
470,KELANTAN,TUMPAT,TUMPAT,6.2273,102.0956
471,KELANTAN,TUMPAT,TUMPAT,6.1453,102.1526
472,KELANTAN,TUMPAT,TUMPAT,6.1781,102.2227
473,KELANTAN,TUMPAT,TUMPAT,6.2081,102.1114
474,JOHOR,BATU PAHAT,BATU PAHAT,1.9544,102.855
475,JOHOR,BATU PAHAT,BATU PAHAT,1.8391,103.1269
476,JOHOR,BATU PAHAT,BATU PAHAT,1.8659,103.1578
477,JOHOR,BATU PAHAT,BATU PAHAT,1.919,102.92
478,JOHOR,BATU PAHAT,BATU PAHAT,1.8619999999999999,103.09200000000001
479,JOHOR,BATU PAHAT,BATU PAHAT,1.7409999999999999,103.044
480,JOHOR,BATU PAHAT,BATU PAHAT,1.8530000000000002,102.936
481,JOHOR,JOHOR BAHRU,JOHOR BAHRU,1.4975,103.6163
482,JOHOR,JOHOR BAHRU,JOHOR BAHRU,1.5187,103.7571
483,JOHOR,JOHOR BAHRU,JOHOR BAHRU,1.5675,103.77166
484,JOHOR,JOHOR BAHRU,JOHOR BAHRU,1.4645,103.7447
485,JOHOR,KLUANG,KLUANG,1.9862,103.3282
486,JOHOR,KLUANG,KLUANG,2.0696,103.344
487,JOHOR,KLUANG,KLUANG,2.0248,103.3218
488,JOHOR,KLUANG,KLUANG,2.043,103.3203
489,JOHOR,KLUANG,KLUANG,1.9943,103.264
490,JOHOR,KLUANG,KLUANG,1.99,103.36200000000001
491,JOHOR,KLUANG,KLUANG,2.104,103.454
492,JOHOR,KOTA TINGGI,KOTA TINGGI,1.7148,103.8964
493,JOHOR,KOTA TINGGI,KOTA TINGGI,1.7891,103.9102
494,JOHOR,KOTA TINGGI,KOTA TINGGI,1.7568,103.8806
495,JOHOR,KOTA TINGGI,KOTA TINGGI,1.7405,103.9107
496,JOHOR,KULAI,KULAI,1.6484,103.6006
497,JOHOR,KULAI,KULAI,1.6809,103.5848
498,JOHOR,KULAI,KULAI,1.6331,103.6003
499,JOHOR,KULAI,KULAI,1.6632,103.6013
500,JOHOR,TANGKAK,TANGKAK,2.2693,102.5338
501,JOHOR,TANGKAK,TANGKAK,2.2698,102.5325
502,JOHOR,TANGKAK,TANGKAK,2.2715,102.5518
503,JOHOR,TANGKAK,TANGKAK,2.2875,102.5507
504,JOHOR,MERSING,MERSING,2.4299,103.8459
505,JOHOR,MERSING,MERSING,2.4165,103.8315
506,JOHOR,MERSING,MERSING,2.3945,103.8626
507,JOHOR,MERSING,MERSING,2.4775,103.8173
508,JOHOR,MUAR,MUAR,2.0708,102.57799999999999
509,JOHOR,MUAR,MUAR,2.0869999999999997,102.5867
510,JOHOR,MUAR,MUAR,2.052,102.6144
511,JOHOR,MUAR,MUAR,2.0389,102.5707
512,JOHOR,MUAR,PAGOH,2.1275,102.713236
513,JOHOR,MUAR,PAGOH,2.1021400000000003,102.71600000000001
514,JOHOR,MUAR,PAGOH,2.113,102.78
515,JOHOR,MUAR,PAGOH,2.1378,102.772
516,JOHOR,MUAR,PAGOH,2.17,102.76700000000001
517,JOHOR,PONTIAN,PONTIAN,1.4666,103.4566
518,JOHOR,PONTIAN,PONTIAN,1.489,103.4822
519,JOHOR,PONTIAN,PONTIAN,1.4873,103.5587
520,JOHOR,PONTIAN,PONTIAN,1.5237,103.4241
521,JOHOR,SEGAMAT,SEGAMAT,2.3814,102.9532
522,JOHOR,SEGAMAT,SEGAMAT,2.6305,102.7172
523,JOHOR,SEGAMAT,SEGAMAT,2.5314,102.7103
524,JOHOR,SEGAMAT,SEGAMAT,2.6021,102.8366
525,WP,KUALA LUMPUR,KUALA LUMPUR,3.1464,101.6996
526,WP,KUALA LUMPUR,KUALA LUMPUR,3.156,101.7176
527,WP,KUALA LUMPUR,KUALA LUMPUR,3.1830000000000003,101.6755
528,WP,KUALA LUMPUR,KUALA LUMPUR,3.117,101.6682
529,WP,PUTRAJAYA,PUTRAJAYA,2.9229,101.7022
530,WP,PUTRAJAYA,PUTRAJAYA,2.9335,101.6729
531,WP,PUTRAJAYA,PUTRAJAYA,2.9673,101.6965
532,WP,PUTRAJAYA,PUTRAJAYA,2.9083,101.6787
533,WP,LABUAN,LABUAN,5.2829,115.2465
534,WP,LABUAN,LABUAN,5.2891,115.1969
535,WP,LABUAN,LABUAN,5.3318,115.2339
536,WP,LABUAN,LABUAN,5.2937,115.2441
537,SABAH,BEAUFORT,BEAUFORT,5.2785,115.7155
538,SABAH,BEAUFORT,BEAUFORT,5.3988,115.8851
539,SABAH,BEAUFORT,BEAUFORT,5.1752,115.6558
540,SABAH,BEAUFORT,BEAUFORT,5.2901,115.7389
541,SABAH,BELURAN,BELURAN,5.724,117.0953
542,SABAH,BELURAN,BELURAN,5.7008,117.2422
543,SABAH,BELURAN,BELURAN,5.8887,117.4215
544,SABAH,BELURAN,BELURAN,5.7951,117.5306
545,SABAH,KENINGAU,KENINGAU,5.375,116.1947
546,SABAH,KENINGAU,KENINGAU,5.1316,116.1109
547,SABAH,KENINGAU,KENINGAU,5.2027,116.3828
548,SABAH,KENINGAU,KENINGAU,5.0837,116.2592
549,SABAH,KINABATANGAN,KINABATANGAN,5.3412,116.9476
550,SABAH,KINABATANGAN,KINABATANGAN,5.5654,117.354
551,SABAH,KINABATANGAN,KINABATANGAN,5.4451,117.8265
552,SABAH,KINABATANGAN,KINABATANGAN,5.4069,118.4307
553,SABAH,KOTA BELUT,KOTA BELUT,6.3491,116.4742
554,SABAH,KOTA BELUT,KOTA BELUT,6.4494,116.4619
555,SABAH,KOTA BELUT,KOTA BELUT,6.3511,116.556
556,SABAH,KOTA BELUT,KOTA BELUT,6.3825,116.4475
557,SABAH,KOTA KINABALU,KOTA KINABALU,5.9587,116.0825
558,SABAH,KOTA KINABALU,KOTA KINABALU,6.0257,116.1522
559,SABAH,KOTA KINABALU,KOTA KINABALU,6.0998,116.179
560,SABAH,KOTA KINABALU,KOTA KINABALU,6.0943,116.1429
561,SABAH,KOTA MARUDU,KOTA MARUDU,6.7827,117.1405
562,SABAH,KOTA MARUDU,KOTA MARUDU,6.4717,116.8329
563,SABAH,KOTA MARUDU,KOTA MARUDU,6.6491,116.7299
564,SABAH,KOTA MARUDU,KOTA MARUDU,6.6682,117.1927
565,SABAH,KUALA PENYU,KUALA PENYU,5.4317,115.4671
566,SABAH,KUALA PENYU,KUALA PENYU,5.4501,115.5368
567,SABAH,KUALA PENYU,KUALA PENYU,5.486000000000001,115.5889
568,SABAH,KUALA PENYU,KUALA PENYU,5.5414,115.5594
569,SABAH,KUALA PENYU,KUALA PENYU,5.5575,115.5686
570,SABAH,KUALA PENYU,KUALA PENYU,5.5689,115.5961
571,SABAH,KUDAT,KUDAT,6.7424,116.7502
572,SABAH,KUDAT,KUDAT,6.9244,116.7097
573,SABAH,KUDAT,KUDAT,6.7969,116.6665
574,SABAH,KUDAT,KUDAT,6.8433,116.8251
575,SABAH,KUDAT,KUDAT,6.8835,116.8499
576,SABAH,KUDAT,KUDAT,6.9067,116.8405
577,SABAH,KUNAK,KUNAK,4.7209,118.0433
578,SABAH,KUNAK,KUNAK,4.7517,117.9011
579,SABAH,KUNAK,KUNAK,4.7989,118.0694
580,SABAH,KUNAK,KUNAK,4.647,118.1724
581,SABAH,KUNAK,KUNAK,4.6842,118.2448
582,SABAH,KUNAK,KUNAK,4.6795,118.234
583,SABAH,LAHAD DATU,LAHAD DATU,5.0568,118.5361
584,SABAH,LAHAD DATU,LAHAD DATU,5.1867,119.0566
585,SABAH,LAHAD DATU,LAHAD DATU,5.1293,117.7492
586,SABAH,LAHAD DATU,LAHAD DATU,5.0896,118.2107
587,SABAH,LAHAD DATU,LAHAD DATU,5.0256,118.3282
588,SABAH,LAHAD DATU,LAHAD DATU,5.0274,118.3169
589,SABAH,NABAWAN,NABAWAN,5.0399,116.4458
590,SABAH,NABAWAN,NABAWAN,5.0539,116.508
591,SABAH,NABAWAN,NABAWAN,5.0542,116.3494
592,SABAH,NABAWAN,NABAWAN,4.9674,116.45200000000001
593,SABAH,NABAWAN,NABAWAN,5.045,116.4349
594,SABAH,NABAWAN,NABAWAN,5.0409,116.4267
595,SABAH,PAPAR,PAPAR,5.6987,115.977
596,SABAH,PAPAR,PAPAR,5.5986,115.9327
597,SABAH,PAPAR,PAPAR,5.7267,116.0903
598,SABAH,PAPAR,PAPAR,5.8111,116.0289
599,SABAH,PAPAR,PAPAR,5.7346,115.9307
600,SABAH,PAPAR,PAPAR,5.7308,115.9353
601,SABAH,PENAMPANG,PENAMPANG,5.9167,116.0701
602,SABAH,PENAMPANG,PENAMPANG,5.8764,116.101
603,SABAH,PENAMPANG,PENAMPANG,5.9324,116.1313
604,SABAH,PENAMPANG,PENAMPANG,5.9137,116.1085
605,SABAH,PENAMPANG,PENAMPANG,5.9146,116.09899999999999
606,SABAH,PITAS,PITAS,6.733,117.053
607,SABAH,PITAS,PITAS,6.7144,117.04899999999999
608,SABAH,PITAS,PITAS,6.707999999999999,117.0681
609,SABAH,PITAS,PITAS,6.7028,117.0441
610,SABAH,PITAS,PITAS,6.7036,117.0309
611,SABAH,PITAS,PITAS,6.7116,117.03299999999999
612,SABAH,PUTATAN,PUTATAN,5.885,116.05
613,SABAH,PUTATAN,PUTATAN,5.8916,116.0454
614,SABAH,PUTATAN,PUTATAN,5.8979,116.0457
615,SABAH,PUTATAN,PUTATAN,5.8932,116.0427
616,SABAH,PUTATAN,PUTATAN,5.897,116.0416
617,SABAH,PUTATAN,PUTATAN,5.8962,116.0403
618,SABAH,RANAU,RANAU,6.0171,116.7419
619,SABAH,RANAU,RANAU,5.9755,116.8257
620,SABAH,RANAU,RANAU,5.7446,116.8161
621,SABAH,RANAU,RANAU,5.9366,116.6774
622,SABAH,RANAU,RANAU,5.9531,116.6616
623,SABAH,RANAU,RANAU,5.9537,116.6688
624,SARAWAK,ASAJAYA,ASAJAYA,1.4772,110.6861
625,SARAWAK,ASAJAYA,ASAJAYA,1.5441,110.6569
626,SARAWAK,ASAJAYA,ASAJAYA,1.5146,110.5364
627,SARAWAK,ASAJAYA,ASAJAYA,1.5005,110.6666
628,SARAWAK,ASAJAYA,ASAJAYA,1.5407,110.5142
629,SARAWAK,ASAJAYA,ASAJAYA,1.5459,110.5236
630,SARAWAK,BAU,BAU,1.3558,110.1983
631,SARAWAK,BAU,BAU,1.4217,110.0304
632,SARAWAK,BAU,BAU,1.3376,109.98100000000001
633,SARAWAK,BAU,BAU,1.4258,110.1091
634,SARAWAK,BAU,BAU,1.4162,110.1559
635,SARAWAK,BAU,BAU,1.4235,110.1551
636,SARAWAK,BELAGA,BELAGA,3.2904,114.0719
637,SARAWAK,BELAGA,BELAGA,3.1094,113.9249
638,SARAWAK,BELAGA,BELAGA,2.8159,114.4426
639,SARAWAK,BELAGA,BELAGA,2.9284,113.7999
640,SARAWAK,BELAGA,BELAGA,3.0456,113.9158
641,SARAWAK,BELAGA,BELAGA,3.0529,113.9207
642,SARAWAK,BETONG,BETONG,1.4644,111.6233
643,SARAWAK,BETONG,BETONG,1.4105,111.6044
644,SARAWAK,BETONG,BETONG,1.314,111.5763
645,SARAWAK,BETONG,BETONG,1.4156,111.5138
646,SARAWAK,BETONG,BETONG,1.402,111.5288
647,SARAWAK,BETONG,BETONG,1.4106,111.5264
648,SARAWAK,BINTULU,BINTULU,2.7224,113.3289
649,SARAWAK,BINTULU,BINTULU,3.5972,113.3894
650,SARAWAK,BINTULU,BINTULU,3.3642,113.9771
651,SARAWAK,BINTULU,BINTULU,3.3957,113.5748
652,SARAWAK,BINTULU,BINTULU,3.1727,113.0416
653,SARAWAK,BINTULU,BINTULU,3.176,113.0413
654,SARAWAK,DALAT,DALAT,2.3534,112.1557
655,SARAWAK,DALAT,DALAT,2.6381,112.1351
656,SARAWAK,DALAT,DALAT,2.8637,111.8398
657,SARAWAK,DALAT,DALAT,2.4583,112.1948
658,SARAWAK,DALAT,DALAT,2.7439999999999998,111.9444
659,SARAWAK,DALAT,DALAT,2.7405,111.939
660,SARAWAK,DARO,DARO,2.6715,111.4317
661,SARAWAK,DARO,DARO,2.4883,111.5189
662,SARAWAK,DARO,DARO,2.6831,111.2937
663,SARAWAK,DARO,DARO,2.5113,111.3493
664,SARAWAK,DARO,DARO,2.5059,111.4502
665,SARAWAK,DARO,DARO,2.5122,111.4323
666,SARAWAK,JULAU,JULAU,1.9804,111.74799999999999
667,SARAWAK,JULAU,JULAU,1.7992,111.9197
668,SARAWAK,JULAU,JULAU,1.8019999999999998,111.8194
669,SARAWAK,JULAU,JULAU,2.0545,111.9595
670,SARAWAK,JULAU,JULAU,2.025,111.9175
671,SARAWAK,JULAU,JULAU,2.0287,111.912
672,SARAWAK,KANOWIT,KANOWIT,1.8867,112.1411
673,SARAWAK,KANOWIT,KANOWIT,2.0335,111.9956
674,SARAWAK,KANOWIT,KANOWIT,2.1653,112.2826
675,SARAWAK,KANOWIT,KANOWIT,2.0869999999999997,112.3389
676,SARAWAK,KANOWIT,KANOWIT,2.1015,112.1573
677,SARAWAK,KANOWIT,KANOWIT,2.1014,112.1474
678,SARAWAK,KAPIT,KAPIT,1.9737,112.8569
679,SARAWAK,KAPIT,KAPIT,1.9363,113.0941
680,SARAWAK,KAPIT,KAPIT,1.9109,113.57600000000001
681,SARAWAK,KAPIT,KAPIT,1.6178,113.0678
682,SARAWAK,KAPIT,KAPIT,2.0167,112.9414
683,SARAWAK,KAPIT,KAPIT,2.0153,112.9403
684,SARAWAK,KUCHING,KUCHING,1.5554,110.32700000000001
685,SARAWAK,KUCHING,KUCHING,1.4576,110.3009
686,SARAWAK,KUCHING,KUCHING,1.6337,110.4523
687,SARAWAK,KUCHING,KUCHING,1.7208,110.3425
688,SARAWAK,KUCHING,KUCHING,1.5853,110.37200000000001
689,SARAWAK,KUCHING,KUCHING,1.5864,110.3535
690,SARAWAK,LAWAS,LAWAS,4.4910000000000005,115.4821
691,SARAWAK,LAWAS,LAWAS,4.699,115.3365
692,SARAWAK,LAWAS,LAWAS,4.7859,115.5329
693,SARAWAK,LAWAS,LAWAS,4.9228,115.4683
694,SARAWAK,LAWAS,LAWAS,4.8612,115.4101
695,SARAWAK,LAWAS,LAWAS,4.8535,115.4009
696,SARAWAK,LIMBANG,LIMBANG,4.7549,114.8559
697,SARAWAK,LIMBANG,LIMBANG,4.627,114.825
698,SARAWAK,LIMBANG,LIMBANG,4.4538,115.0571
699,SARAWAK,LIMBANG,LIMBANG,4.0734,115.3149
700,SARAWAK,LIMBANG,LIMBANG,4.7579,115.0078
701,SARAWAK,LIMBANG,LIMBANG,4.755,115.0096
702,SARAWAK,LUBOK ANTU,LUBOK ANTU,1.0887,111.8828
703,SARAWAK,LUBOK ANTU,LUBOK ANTU,1.2397,111.8251
704,SARAWAK,LUBOK ANTU,LUBOK ANTU,1.0104,111.8339
705,SARAWAK,LUBOK ANTU,LUBOK ANTU,1.2315,111.9499
706,SARAWAK,LUBOK ANTU,LUBOK ANTU,1.1363,111.6688
707,SARAWAK,LUBOK ANTU,LUBOK ANTU,1.1487,111.6611
708,SARAWAK,LUNDU,LUNDU,1.7497,109.7889
709,SARAWAK,LUNDU,LUNDU,1.6379,109.9571
710,SARAWAK,LUNDU,LUNDU,1.5425,109.8411
711,SARAWAK,LUNDU,LUNDU,1.6214,110.1047
712,SARAWAK,LUNDU,LUNDU,1.6713,109.854
713,SARAWAK,LUNDU,LUNDU,1.6832,109.8514
714,SARAWAK,MARADONG,MARADONG,2.2077,111.6266
715,SARAWAK,MARADONG,MARADONG,2.2324,111.5223
716,SARAWAK,MARADONG,MARADONG,2.1267,111.7701
717,SARAWAK,MARADONG,MARADONG,2.0669999999999997,111.7022
718,SARAWAK,MARADONG,MARADONG,2.1703,111.6362
719,SARAWAK,MARADONG,MARADONG,2.1686,111.6345
720,SARAWAK,MARUDI,MARUDI,4.2913,114.2963
721,SARAWAK,MARUDI,MARUDI,4.2458,114.4409
722,SARAWAK,MARUDI,MARUDI,4.0983,114.4578
723,SARAWAK,MARUDI,MARUDI,4.3356,114.2659
724,SARAWAK,MARUDI,MARUDI,4.1788,114.3197
725,SARAWAK,MARUDI,MARUDI,4.1783,114.3265
726,SARAWAK,MATU,MATU,2.7948,111.6835
727,SARAWAK,MATU,MATU,2.6719999999999997,111.5627
728,SARAWAK,MATU,MATU,2.6377,111.5187
729,SARAWAK,MATU,MATU,2.7382,111.6362
730,SARAWAK,MATU,MATU,2.7158,111.5659
731,SARAWAK,MATU,MATU,2.6697,111.5398
732,SARAWAK,MIRI,MIRI,3.6056,113.8107
733,SARAWAK,MIRI,MIRI,3.7495,113.7874
734,SARAWAK,MIRI,MIRI,4.5411,114.1185
735,SARAWAK,MIRI,MIRI,4.3088,114.0175
736,SARAWAK,MIRI,MIRI,4.3967,113.9931
737,SARAWAK,MIRI,MIRI,4.4011,113.992
738,SARAWAK,MUKAH,MUKAH,2.9047,112.2649
739,SARAWAK,MUKAH,MUKAH,2.8395,112.04899999999999
740,SARAWAK,MUKAH,MUKAH,2.7778,112.3116
741,SARAWAK,MUKAH,MUKAH,2.6077,112.2148
742,SARAWAK,MUKAH,MUKAH,2.8973,112.0893
743,SARAWAK,MUKAH,MUKAH,2.8949,112.0915
744,SARAWAK,PADAWAN,PADAWAN,1.4261,110.3249
745,SARAWAK,PADAWAN,PADAWAN,1.4241,110.3267
746,SARAWAK,PADAWAN,PADAWAN,1.4289,110.3276
747,SARAWAK,PADAWAN,PADAWAN,1.4254,110.3273
748,SARAWAK,PADAWAN,PADAWAN,1.4274,110.3257
749,SARAWAK,PADAWAN,PADAWAN,1.425,110.3265
750,SARAWAK,PAKAN,PAKAN,1.7615,111.6857
751,SARAWAK,PAKAN,PAKAN,1.8603,111.7081
752,SARAWAK,PAKAN,PAKAN,1.9042,111.5955
753,SARAWAK,PAKAN,PAKAN,1.9708,111.6848
754,SARAWAK,PAKAN,PAKAN,1.8952,111.6804
755,SARAWAK,PAKAN,PAKAN,1.8941,111.6798
756,SARAWAK,SAMARAHAN,SAMARAHAN,1.4381,110.4571
757,SARAWAK,SAMARAHAN,SAMARAHAN,1.4893,110.4073
758,SARAWAK,SAMARAHAN,SAMARAHAN,1.4605,110.6323
759,SARAWAK,SAMARAHAN,SAMARAHAN,1.3823,110.4359
760,SARAWAK,SAMARAHAN,SAMARAHAN,1.4598,110.4955
761,SARAWAK,SAMARAHAN,SAMARAHAN,1.4592,110.477
762,SARAWAK,SARATOK,SARATOK,1.7486,111.3362
763,SARAWAK,SARATOK,SARATOK,1.7513,111.3026
764,SARAWAK,SARATOK,SARATOK,1.7159,111.3008
765,SARAWAK,SARATOK,SARATOK,1.7913,111.3121
766,SARAWAK,SARATOK,SARATOK,1.7384,111.3377
767,SARAWAK,SARATOK,SARATOK,1.7530000000000001,111.3414
768,SARAWAK,SARIKEI,SARIKEI,2.1179,111.5693
769,SARAWAK,SARIKEI,SARIKEI,2.0315,111.5108
770,SARAWAK,SARIKEI,SARIKEI,2.0919,111.3727
771,SARAWAK,SARIKEI,SARIKEI,2.1192,111.52799999999999
772,SARAWAK,SARIKEI,SARIKEI,2.1312,111.5221
773,SARAWAK,SARIKEI,SARIKEI,2.1304,111.5247
774,SARAWAK,SELAGAU,SELANGAU,2.5243,112.325
775,SARAWAK,SELAGAU,SELANGAU,2.5225,112.3261
776,SARAWAK,SELAGAU,SELANGAU,2.5231,112.32700000000001
777,SARAWAK,SELAGAU,SELANGAU,2.5251,112.3256
778,SARAWAK,SELAGAU,SELANGAU,2.5232,112.3258
779,SARAWAK,SELAGAU,SELANGAU,2.5246,112.3262
780,SARAWAK,SERIAN,SERIAN,1.2155,110.5741
781,SARAWAK,SERIAN,SERIAN,1.1640000000000001,110.6538
782,SARAWAK,SERIAN,SERIAN,1.2628,110.5391
783,SARAWAK,SERIAN,SERIAN,1.0507,110.5796
784,SARAWAK,SERIAN,SERIAN,1.1672,110.5664
785,SARAWAK,SERIAN,SERIAN,1.1731,110.5672
786,SARAWAK,SIBU,SIBU,2.3027,111.8864
787,SARAWAK,SIBU,SIBU,2.3315,111.6969
788,SARAWAK,SIBU,SIBU,2.4632,111.8946
789,SARAWAK,SIBU,SIBU,2.1284,111.9029
790,SARAWAK,SIBU,SIBU,2.2931,111.84200000000001
791,SARAWAK,SIBU,SIBU,2.2956,111.824
792,SARAWAK,SIMUNJAN,SIMUNJAN,1.0871,110.8881
793,SARAWAK,SIMUNJAN,SIMUNJAN,1.0823,110.9633
794,SARAWAK,SIMUNJAN,SIMUNJAN,1.1973,110.9248
795,SARAWAK,SIMUNJAN,SIMUNJAN,1.2381,110.7714
796,SARAWAK,SIMUNJAN,SIMUNJAN,1.186,110.9033
797,SARAWAK,SIMUNJAN,SIMUNJAN,1.1246,110.9326
798,SARAWAK,SONG,SONG,1.7051,112.7747
799,SARAWAK,SONG,SONG,1.8396,112.7143
800,SARAWAK,SONG,SONG,2.0002,112.5413
801,SARAWAK,SONG,SONG,1.6475,112.6978
802,SARAWAK,SONG,SONG,2.0005,112.54899999999999
803,SARAWAK,SONG,SONG,2.0075,112.5482
804,SARAWAK,SRI AMAN,SRI AMAN,1.1862,111.4494
805,SARAWAK,SRI AMAN,SRI AMAN,1.2713,111.3821
806,SARAWAK,SRI AMAN,SRI AMAN,1.2967,111.4906
807,SARAWAK,SRI AMAN,SRI AMAN,1.2027,111.5146
808,SARAWAK,SRI AMAN,SRI AMAN,1.2307,111.4561
809,SARAWAK,SRI AMAN,SRI AMAN,1.2341,111.4634
810,SARAWAK,TATAU,TATAU,2.8711,112.8515
811,SARAWAK,TATAU,TATAU,2.8888,112.8486
812,SARAWAK,TATAU,TATAU,2.9105,112.8581
813,SARAWAK,TATAU,TATAU,3.0045,112.8478
814,SARAWAK,TATAU,TATAU,2.8804,112.8545
815,SARAWAK,TATAU,TATAU,2.8779,112.8506
816,KEDAH,KUBANG PASU,SINTOK,6.4576,100.50299999999999
817,KEDAH,KUBANG PASU,SINTOK,6.446000000000001,100.486
818,KEDAH,KUBANG PASU,SINTOK,6.44,100.531
819,KEDAH,KUBANG PASU,SINTOK,6.442,100.479
820,KEDAH,KUBANG PASU,SINTOK,6.425,100.49799999999999
821,KEDAH,KUBANG PASU,SINTOK,6.4670000000000005,100.538
822,KEDAH,KUBANG PASU,BUKIT KAYU HITAM,6.5,100.411
823,KEDAH,KUBANG PASU,BUKIT KAYU HITAM,6.516,100.4352
824,KEDAH,KUBANG PASU,BUKIT KAYU HITAM,6.5,100.228
825,KEDAH,KUBANG PASU,BUKIT KAYU HITAM,6.515,100.3938
826,KEDAH,KUBANG PASU,BUKIT KAYU HITAM,6.495,100.3983
827,KEDAH,KUBANG PASU,BUKIT KAYU HITAM,6.513,100.445
